Workbook

Sheet Hướng dẫn
A1: BỘ TEST CASE CHATBOT ĐẶT PHÒNG KHÁCH SẠN
A2: Mục đích | B2: Kiểm thử bot trước khi bảo vệ; dùng làm bộ đánh giá (eval) và nguồn few-shot cho system prompt.
A3: Kiến trúc áp dụng | B3: Spring Boot (nghiệp vụ) + FastAPI (AI) + ChromaDB (chính sách) + Gemini (LLM) + PayOS (QR thanh toán).
A4: Ngày giả định | B4: Hôm nay = 13/10/2026 (Thứ Ba). Các test về ngày tương đối (ngày mai, cuối tuần) tính theo mốc này.
A5: Dữ liệu mẫu | B5: Tên chi nhánh (Quận 1, Đà Nẵng), hạng phòng (Deluxe, Superior, Suite, Standard), dịch vụ (Spa, Đưa đón sân bay, Ăn sáng), mã (SEN10, VIP20, TET2025, STAFF100) là GIẢ ĐỊNH. Hãy thay bằng dữ liệu thật trong DB của bạn trước khi chạy test.
A6: Tên tool | B6: Cột “Tool/Backend” dùng tên đề xuất (check_availability, create_booking...). Hãy đổi cho khớp với tên API thật trong codebase.
A7: Số test | B7: =COUNTA('Test Cases'!A:A)-1 -> 199
A9: CÁCH DÙNG
A10: 1 | B10: Chạy từng test trong sheet “Test Cases”, ghi kết quả thật vào cột “Kết quả thực tế”, chọn Pass/Fail/Blocked ở cột “Trạng thái”.
A11: 2 | B11: Sheet “Tổng hợp” tự cập nhật tỉ lệ Pass theo nhóm và theo mức ưu tiên.
A12: 3 | B12: Ưu tiên sửa các test P0 Fail trước. Nhiều lỗi nằm ở backend (validate, khóa phòng, webhook) chứ không phải do prompt.
A13: 4 | B13: Test nhóm SC, ER, CC, PM kiểm tra cả backend, không chỉ câu trả lời của LLM. Đừng chỉ dựa vào prompt để chặn.
A15: MỨC ƯU TIÊN
A16: P0 | B16: Bắt buộc đạt: luồng cốt lõi, tiền, bảo mật, an toàn dữ liệu.
A17: P1 | B17: Quan trọng: trải nghiệm và các tình huống thường gặp.
A18: P2 | B18: Nên có: tình huống hiếm, tinh chỉnh chất lượng.
A20: LOẠI TEST
A21: Happy | B21: Luồng bình thường, đúng kỳ vọng.
A22: Negative | B22: Đầu vào sai/không hợp lệ hoặc điều kiện bất lợi.
A23: Edge | B23: Tình huống biên, mơ hồ, đa dạng cách diễn đạt.
A24: Security | B24: Tấn công, lạm dụng, vượt quyền, rò rỉ dữ liệu.
A26: LƯU Ý | B26: Đây là bộ test được THIẾT KẾ sẵn với hành vi mong đợi; chưa phải kết quả chạy thật trên bot của bạn. Cột “Kết quả thực tế” và “Trạng thái” để trống cho bạn điền.

Sheet Test Cases
A1: ID | B1: Nhóm | C1: Ưu tiên | D1: Loại | E1: Tên test | F1: Tiền điều kiện | G1: Hội thoại / Input | H1: Hành vi mong đợi | I1: Tool / Backend liên quan | J1: Kết quả thực tế | K1: Trạng thái | L1: Ghi chú
A2: HP-01 | B2: Luồng đặt phòng chuẩn | C2: P0 | D2: Happy | E2: Đặt phòng đủ 9 bước, thanh toán chuyển khoản | F2: Phiên chat mới, còn phòng, chưa đăng nhập | G2: “Tôi muốn đặt phòng” → chọn CN Quận 1 → “20/10 đến 22/10, 2 người” → chọn Deluxe → nhập tên/SĐT/email → chọn Spa → áp mã SEN10 → “xác nhận” → chọn chuyển khoản → quét QR | H2: Bot đi đúng thứ tự; mỗi bước hiện đúng UI (card chi nhánh, card phòng, card dịch vụ, list mã, tóm tắt, QR). Tổng tiền = số đêm × giá + dịch vụ − giảm giá. Sau webhook: booking CONFIRMED, bot báo thành công kèm mã booking. | I2: list_branches, check_availability, list_services, list_valid_promotions, calculate_price, create_booking, create_payment_qr, get_payment_status | K2: Chưa test
A3: HP-02 | B3: Luồng đặt phòng chuẩn | C3: P0 | D3: Happy | E3: Đặt phòng không dịch vụ, không mã giảm giá | F3: Phiên chat mới, còn phòng, chưa đăng nhập | G3: … tới bước dịch vụ: “không” → bước mã: “không” → “xác nhận” | H3: Bot bỏ qua dịch vụ và mã, tóm tắt chỉ có tiền phòng, chuyển sang thanh toán bình thường. | I3: calculate_price, create_booking | K3: Chưa test
A4: HP-03 | B4: Luồng đặt phòng chuẩn | C4: P0 | D4: Happy | E4: Khách đã đăng nhập: bỏ qua bước nhập thông tin | F4: Đã đăng nhập, hồ sơ đầy đủ | G4: Đã đăng nhập (có tên, SĐT, email) → “đặt phòng”… | H4: Bot không hỏi lại họ tên/SĐT/email; chỉ hỏi phần còn thiếu nếu hồ sơ khuyết (VD thiếu SĐT). | K4: Chưa test
A5: HP-04 | B5: Luồng đặt phòng chuẩn | C5: P0 | D5: Happy | E5: Thanh toán tại khách sạn | F5: Hệ thống bật phương thức thanh toán tại KS | G5: … bước thanh toán: chọn “Thanh toán tại khách sạn” | H5: Booking tạo với trạng thái CONFIRMED_PAY_AT_HOTEL, không hiện QR, bot gửi mã booking và nhắc mang giấy tờ. | I5: create_booking | K5: Chưa test
A6: HP-05 | B6: Luồng đặt phòng chuẩn | C6: P1 | D6: Happy | E6: Hoàn thành toàn bộ luồng chỉ bằng nút bấm (quick reply) | F6: Phiên chat mới, còn phòng, chưa đăng nhập | G6: Chỉ bấm nút/card ở mọi bước, không gõ chữ (trừ form thông tin khách) | H6: Mọi bước chạy đúng, không lỗi; nút và gõ chữ cho kết quả tương đương. | K6: Chưa test
A7: HP-06 | B7: Luồng đặt phòng chuẩn | C7: P1 | D7: Happy | E7: Chỉ có 1 chi nhánh hoạt động | F7: Chỉ 1 chi nhánh active | G7: “đặt phòng” | H7: Bot tự chọn chi nhánh duy nhất và thông báo cho khách, không bắt chọn thừa. | I7: list_branches | K7: Chưa test
A8: HP-07 | B8: Luồng đặt phòng chuẩn | C8: P1 | D8: Happy | E8: Đặt 2 phòng cùng loại | F8: Phiên chat mới, còn phòng, chưa đăng nhập | G8: … chọn Deluxe → “lấy 2 phòng” | H8: Bot lưu roomQty=2, kiểm tra còn ≥2 phòng, tổng tiền nhân đúng. | I8: check_availability, calculate_price | K8: Chưa test
A9: HP-08 | B9: Luồng đặt phòng chuẩn | C9: P2 | D9: Happy | E9: Đặt 2 loại phòng khác nhau trong một booking | F9: Phiên chat mới, còn phòng, chưa đăng nhập | G9: “1 deluxe và 1 superior” | H9: Nếu hệ thống hỗ trợ: lưu cả 2 dòng phòng, tính tiền đúng. Nếu không: giải thích và đề xuất tạo 2 booking. | K9: Chưa test
A10: SF-01 | B10: Slot filling / khai báo gộp | C10: P0 | D10: Happy | E10: Khai báo gộp đầy đủ trong 1 câu | F10: Phiên chat mới, còn phòng, chưa đăng nhập | G10: “Đặt phòng deluxe ở Q1, 20-22/10, 2 người” | H10: Bot trích đủ chi nhánh, loại phòng, ngày, số người; bỏ qua bước 1–3, tóm tắt lại để xác nhận rồi sang bước thông tin khách. | I10: check_availability | K10: Chưa test
A11: SF-02 | B11: Slot filling / khai báo gộp | C11: P0 | D11: Happy | E11: Khai báo thiếu: chỉ hỏi phần còn thiếu | F11: Phiên chat mới, còn phòng, chưa đăng nhập | G11: “Đặt phòng Q1 cho 2 người” | H11: Bot chỉ hỏi ngày check-in/check-out; không hỏi lại chi nhánh và số người. | K11: Chưa test
A12: SF-03 | B12: Slot filling / khai báo gộp | C12: P1 | D12: Happy | E12: Cung cấp thông tin khách ngay từ đầu | F12: Phiên chat mới, còn phòng, chưa đăng nhập | G12: “Mình là Lan, 0901234567, muốn đặt phòng” | H12: Bot lưu guestInfo, không hỏi lại ở bước 4, vẫn đi tiếp bước chọn chi nhánh. | K12: Chưa test
A13: SF-04 | B13: Slot filling / khai báo gộp | C13: P0 | D13: Edge | E13: Ngày tương đối: “ngày mai ở 2 đêm” | F13: Phiên chat mới, còn phòng, chưa đăng nhập | G13: “đặt phòng từ ngày mai ở 2 đêm” | H13: Hiểu check-in 14/10/2026, check-out 16/10/2026 (hôm nay 13/10/2026); nhắc lại ngày cụ thể để khách xác nhận. | K13: Chưa test
A14: SF-05 | B14: Slot filling / khai báo gộp | C14: P1 | D14: Edge | E14: Ngày mơ hồ: “cuối tuần này” | F14: Phiên chat mới, còn phòng, chưa đăng nhập | G14: “đặt phòng cuối tuần này” | H14: Bot không tự đoán: hỏi rõ (VD 17/10–18/10 hay 17/10–19/10?) kèm nút gợi ý. | K14: Chưa test
A15: SF-06 | B15: Slot filling / khai báo gộp | C15: P0 | D15: Edge | E15: Nhiều định dạng ngày | F15: Phiên chat mới, còn phòng, chưa đăng nhập | G15: “20/10”, “20-10-2026”, “ngày 20 tháng 10”, “20.10”, “20/10/26” | H15: Tất cả được hiểu cùng một ngày 20/10/2026. | K15: Chưa test
A16: SF-07 | B16: Slot filling / khai báo gộp | C16: P1 | D16: Edge | E16: Số người diễn đạt tự nhiên | F16: Phiên chat mới, còn phòng, chưa đăng nhập | G16: “2 người lớn 1 bé”, “vợ chồng và 1 con nhỏ”, “đi 4 người” | H16: Bot tách người lớn/trẻ em đúng; nếu thiếu tuổi trẻ em mà chính sách cần thì hỏi thêm. | K16: Chưa test
A17: SF-08 | B17: Slot filling / khai báo gộp | C17: P1 | D17: Edge | E17: Dùng số đêm thay cho ngày check-out | F17: Phiên chat mới, còn phòng, chưa đăng nhập | G17: “ở 3 đêm từ 20/10” | H17: Check-out = 23/10; bot xác nhận lại. | K17: Chưa test
A18: SF-09 | B18: Slot filling / khai báo gộp | C18: P0 | D18: Edge | E18: Một tin nhắn trả lời cùng lúc nhiều câu hỏi | F18: Phiên chat mới, còn phòng, chưa đăng nhập | G18: Bot hỏi ngày + số người → khách: “20-22/10, 2 người” | H18: Bot trích cả ngày và số người trong một lượt. | K18: Chưa test
A19: SF-10 | B19: Slot filling / khai báo gộp | C19: P1 | D19: Edge | E19: Trả lời lệch câu hỏi | F19: Phiên chat mới, còn phòng, chưa đăng nhập | G19: Bot hỏi số người → khách: “ở Q1 nha” | H19: Bot ghi nhận chi nhánh=Q1 vào state rồi hỏi lại số người. | K19: Chưa test
A20: SF-11 | B20: Slot filling / khai báo gộp | C20: P1 | D20: Happy | E20: Lọc theo ngân sách | F20: Phiên chat mới, còn phòng, chưa đăng nhập | G20: “có phòng nào dưới 1 triệu không” | H20: Bot hỏi ngày/số người (nếu thiếu) rồi chỉ hiển thị phòng còn trống có giá ≤ 1.000.000đ/đêm. | I20: check_availability | K20: Chưa test
A21: SF-12 | B21: Slot filling / khai báo gộp | C21: P1 | D21: Edge | E21: Gọi sai tên/viết tắt loại phòng | F21: Phiên chat mới, còn phòng, chưa đăng nhập | G21: “dlx”, “delux”, “phòng sup”, “phòng vip” | H21: Map về đúng hạng phòng trong DB; nếu không chắc thì hiện card để khách chọn. | K21: Chưa test
A22: SF-13 | B22: Slot filling / khai báo gộp | C22: P2 | D22: Edge | E22: Khách đưa mọi thứ bằng nhiều tin ngắn liên tiếp | F22: Phiên chat mới, còn phòng, chưa đăng nhập | G22: “đặt phòng” / “q1” / “20/10” / “22/10” / “2 người” (5 tin trong vài giây) | H22: Bot gom state đúng, không trả lời lặp, không hỏi lại thứ đã cung cấp. | K22: Chưa test
A23: CH-01 | B23: Đổi ý / sửa thông tin | C23: P0 | D23: Edge | E23: Đổi ngày sau khi đã chọn phòng | F23: Phiên chat mới, còn phòng, chưa đăng nhập | G23: Đang ở bước dịch vụ → “đổi sang ngày 25” | H23: Cập nhật ngày, kiểm tra lại phòng trống, tính lại giá; nếu hết phòng thì báo và gợi ý; giữ nguyên các slot khác. | I23: check_availability, calculate_price | K23: Chưa test
A24: CH-02 | B24: Đổi ý / sửa thông tin | C24: P0 | D24: Edge | E24: Đổi chi nhánh giữa chừng | F24: Phiên chat mới, còn phòng, chưa đăng nhập | G24: Đã chọn phòng + dịch vụ → “chuyển sang chi nhánh Đà Nẵng” | H24: Giữ ngày, số người, thông tin khách; XÓA phòng, dịch vụ, mã giảm giá (phụ thuộc chi nhánh) và hỏi lại; thông báo rõ những gì bị reset. | I24: check_availability, list_services | K24: Chưa test
A25: CH-03 | B25: Đổi ý / sửa thông tin | C25: P0 | D25: Edge | E25: Tăng số người vượt sức chứa phòng đã chọn | F25: Phiên chat mới, còn phòng, chưa đăng nhập | G25: Đã chọn phòng 2 người → “thêm 2 người nữa” | H25: Bot cảnh báo vượt sức chứa, đề xuất phòng lớn hơn hoặc đặt thêm phòng. | I25: check_availability | K25: Chưa test
A26: CH-04 | B26: Đổi ý / sửa thông tin | C26: P1 | D26: Edge | E26: Đổi loại phòng ở bước tóm tắt | F26: Phiên chat mới, còn phòng, chưa đăng nhập | G26: Ở bước tóm tắt: “đổi sang superior” | H26: Cập nhật phòng, kiểm tra lại mã giảm giá còn hợp lệ không, tính lại tổng, hiển thị tóm tắt mới. | I26: list_valid_promotions, calculate_price | K26: Chưa test
A27: CH-05 | B27: Đổi ý / sửa thông tin | C27: P1 | D27: Edge | E27: Bỏ dịch vụ đã chọn | F27: Phiên chat mới, còn phòng, chưa đăng nhập | G27: “bỏ spa đi” | H27: Gỡ spa khỏi services, tính lại tổng tiền; kiểm tra lại điều kiện mã giảm giá. | I27: calculate_price | K27: Chưa test
A28: CH-06 | B28: Đổi ý / sửa thông tin | C28: P1 | D28: Edge | E28: Thêm dịch vụ sau khi đã xem tóm tắt | F28: Phiên chat mới, còn phòng, chưa đăng nhập | G28: “thêm đưa đón sân bay” | H28: Thêm dịch vụ, tính lại tổng, hiển thị tóm tắt cập nhật. | I28: list_services, calculate_price | K28: Chưa test
A29: CH-07 | B29: Đổi ý / sửa thông tin | C29: P1 | D29: Edge | E29: Gỡ hoặc đổi mã giảm giá | F29: Phiên chat mới, còn phòng, chưa đăng nhập | G29: “bỏ mã đi” / “đổi sang mã khác” | H29: Gỡ mã, tính lại; với đổi mã thì hiển thị lại danh sách mã hợp lệ. | I29: list_valid_promotions, calculate_price | K29: Chưa test
A30: CH-08 | B30: Đổi ý / sửa thông tin | C30: P0 | D30: Edge | E30: Đổi ngày sau khi QR đã hiển thị | F30: Phiên chat mới, còn phòng, chưa đăng nhập | G30: Đang hiện QR → “đổi ngày đi” | H30: Hủy QR cũ và hold cũ, huỷ/cập nhật booking PENDING, tạo QR mới theo giá mới; QR cũ không còn dùng được. | I30: cancel_booking, create_booking, create_payment_qr | K30: Chưa test
A31: CH-09 | B31: Đổi ý / sửa thông tin | C31: P1 | D31: Edge | E31: Đổi phương thức thanh toán sau khi có QR | F31: Phiên chat mới, còn phòng, chưa đăng nhập | G31: Đang hiện QR → “thôi trả tại khách sạn” | H31: Hủy QR/hold, chuyển booking sang CONFIRMED_PAY_AT_HOTEL, báo rõ. | I31: create_booking | K31: Chưa test
A32: CH-10 | B32: Đổi ý / sửa thông tin | C32: P1 | D32: Edge | E32: Sửa thông tin khách ở bước tóm tắt | F32: Phiên chat mới, còn phòng, chưa đăng nhập | G32: “SĐT mình sai, đúng là 0912345678” | H32: Cập nhật SĐT sau khi validate, hiển thị lại tóm tắt. | K32: Chưa test
A33: CH-11 | B33: Đổi ý / sửa thông tin | C33: P1 | D33: Edge | E33: Bấm nút của bước cũ trong lịch sử chat | F33: Phiên chat mới, còn phòng, chưa đăng nhập | G33: Đã sang bước thanh toán, khách bấm lại card phòng ở tin nhắn cũ | H33: Bot xử lý theo state hiện tại: xác nhận khách có muốn đổi phòng không; không làm hỏng luồng, không tạo booking trùng. | K33: Chưa test
A34: CH-12 | B34: Đổi ý / sửa thông tin | C34: P1 | D34: Edge | E34: Lệnh “quay lại” | F34: Phiên chat mới, còn phòng, chưa đăng nhập | G34: “quay lại” / “back” / “lùi lại bước trước” | H34: Bot lùi đúng 1 bước, giữ dữ liệu đã nhập. | K34: Chưa test
A35: CH-13 | B35: Đổi ý / sửa thông tin | C35: P2 | D35: Edge | E35: Đổi ý nhiều lần liên tiếp | F35: Phiên chat mới, còn phòng, chưa đăng nhập | G35: “25/10” → “à thôi 26/10” → “không, 24/10” | H35: Bot chỉ giữ giá trị cuối cùng 24/10, không bị lẫn state. | K35: Chưa test
A36: VA-01 | B36: Kiểm tra dữ liệu đầu vào | C36: P0 | D36: Negative | E36: Check-in trong quá khứ | F36: Phiên chat mới, còn phòng, chưa đăng nhập | G36: “đặt ngày 12/10” (hôm nay 13/10/2026) | H36: Từ chối nhẹ nhàng, hỏi lại ngày hợp lệ; không gọi tool kiểm tra phòng. | K36: Chưa test
A37: VA-02 | B37: Kiểm tra dữ liệu đầu vào | C37: P0 | D37: Negative | E37: Check-out trước check-in | F37: Phiên chat mới, còn phòng, chưa đăng nhập | G37: “check-in 22/10, check-out 20/10” | H37: Báo lỗi logic, hỏi lại; có thể đề xuất đảo ngày nếu hợp lý. | K37: Chưa test
A38: VA-03 | B38: Kiểm tra dữ liệu đầu vào | C38: P0 | D38: Negative | E38: Check-out = check-in (0 đêm) | F38: Phiên chat mới, còn phòng, chưa đăng nhập | G38: “20/10 đến 20/10” | H38: Báo lưu trú tối thiểu 1 đêm theo chính sách; hỏi lại ngày. | K38: Chưa test
A39: VA-04 | B39: Kiểm tra dữ liệu đầu vào | C39: P0 | D39: Negative | E39: Số người = 0, âm, hoặc không phải số | F39: Phiên chat mới, còn phòng, chưa đăng nhập | G39: “0 người”, “-2 người”, “nhiều người” | H39: Hỏi lại số người hợp lệ; với “nhiều người” thì hỏi con số cụ thể. | K39: Chưa test
A40: VA-05 | B40: Kiểm tra dữ liệu đầu vào | C40: P1 | D40: Negative | E40: Số người quá lớn | F40: Phiên chat mới, còn phòng, chưa đăng nhập | G40: “50 người” | H40: Giải thích vượt sức chứa tối đa của hệ thống; đề xuất chia nhiều phòng hoặc liên hệ nhân viên (đoàn/sự kiện). | K40: Chưa test
A41: VA-06 | B41: Kiểm tra dữ liệu đầu vào | C41: P1 | D41: Negative | E41: Ngày không tồn tại | F41: Phiên chat mới, còn phòng, chưa đăng nhập | G41: “31/11”, “30/02”, “45/10” | H41: Báo ngày không tồn tại, hỏi lại. | K41: Chưa test
A42: VA-07 | B42: Kiểm tra dữ liệu đầu vào | C42: P1 | D42: Negative | E42: Lưu trú quá dài | F42: Phiên chat mới, còn phòng, chưa đăng nhập | G42: “ở 60 đêm” | H42: Nếu vượt tối đa theo chính sách: báo giới hạn và chuyển nhân viên cho đặt dài hạn. | K42: Chưa test
A43: VA-08 | B43: Kiểm tra dữ liệu đầu vào | C43: P2 | D43: Negative | E43: Đặt quá xa trong tương lai | F43: Phiên chat mới, còn phòng, chưa đăng nhập | G43: “đặt ngày 20/10/2028” | H43: Báo chỉ nhận đặt tối đa N ngày trước; hỏi lại. | K43: Chưa test
... A49: VA-14 | B49: Kiểm tra dữ liệu đầu vào | C49: P1 | D49: Edge | E49: Ngày không nêu năm | F49: Phiên chat mới, còn phòng, chưa đăng nhập | G49: “05/03”, trong khi hôm nay 13/10/2026 | H49: Hiểu là 05/03/2027 (ngày gần nhất trong tương lai) và nói rõ để khách xác nhận. | K49: Chưa test
A50: VA-15 | B50: Kiểm tra dữ liệu đầu vào | C50: P0 | D50: Negative | E50: Số phòng vượt số phòng còn lại | F50: Phiên chat mới, còn phòng, chưa đăng nhập | G50: Còn 1 phòng Deluxe → “lấy 3 phòng” | H50: Báo chỉ còn 1 phòng; đề xuất lấy 1 + loại khác hoặc đổi ngày. | I50: check_availability | K50: Chưa test
A51: VA-16 | B51: Kiểm tra dữ liệu đầu vào | C51: P2 | D51: Edge | E51: Trẻ em: hỏi độ tuổi khi chính sách yêu cầu | F51: Phiên chat mới, còn phòng, chưa đăng nhập | G51: “2 người lớn 1 bé” | H51: Hỏi tuổi bé nếu giá/giường phụ phụ thuộc tuổi; nếu không thì không hỏi thừa. | K51: Chưa test
A52: AV-01 | B52: Phòng trống / hết phòng | C52: P0 | D52: Negative | E52: Hết phòng toàn bộ ở ngày đã chọn | F52: Phiên chat mới, còn phòng, chưa đăng nhập | G52: Ngày kín phòng | H52: Bot không hiển thị card; thông báo hết phòng và gợi ý ngày gần nhất còn phòng hoặc chi nhánh khác. | I52: check_availability | K52: Chưa test
A53: AV-02 | B53: Phòng trống / hết phòng | C53: P1 | D53: Edge | E53: Chỉ còn 1 phòng cuối | F53: Phiên chat mới, còn phòng, chưa đăng nhập | G53: Card Deluxe còn 1 | H53: Card hiển thị “chỉ còn 1 phòng”; bot không tạo áp lực quá mức nhưng nhắc nhẹ nên chốt sớm. | I53: check_availability | K53: Chưa test
A54: AV-03 | B54: Phòng trống / hết phòng | C54: P0 | D54: Edge | E54: Phòng bị người khác đặt trong lúc khách đang nhập thông tin | F54: Phiên chat mới, còn phòng, chưa đăng nhập | G54: Khách đang bước 4, phòng bị đặt mất | H54: Khi create_booking thất bại do hết phòng: thông báo, không tạo QR, đề xuất phòng tương tự/ngày khác, giữ các slot khác. | I54: create_booking | K54: Chưa test
A55: AV-04 | B55: Phòng trống / hết phòng | C55: P1 | D55: Edge | E55: Không có phòng đủ sức chứa | F55: Phiên chat mới, còn phòng, chưa đăng nhập | G55: “6 người” nhưng phòng lớn nhất 4 người | H55: Đề xuất đặt 2 phòng; hiển thị phương án ghép phòng hợp lý. | I55: check_availability | K55: Chưa test
A56: AV-05 | B56: Phòng trống / hết phòng | C56: P1 | D56: Edge | E56: Gợi ý chi nhánh khác khi hết phòng | F56: Phiên chat mới, còn phòng, chưa đăng nhập | G56: CN Q1 hết, CN Đà Nẵng còn | H56: Bot hỏi khách có muốn xem chi nhánh khác, chỉ hiển thị chi nhánh còn phòng. | I56: check_availability | K56: Chưa test
A57: AV-06 | B57: Phòng trống / hết phòng | C57: P0 | D57: Edge | E57: Giá thay đổi theo ngày (cuối tuần/lễ) | F57: Phiên chat mới, còn phòng, chưa đăng nhập | G57: Lưu trú đi qua đêm thứ Bảy hoặc ngày lễ | H57: Tổng tiền cộng đúng giá từng đêm, không nhân đều một giá; bot nêu rõ phụ thu nếu có. | I57: calculate_price | K57: Chưa test
A58: AV-07 | B58: Phòng trống / hết phòng | C58: P1 | D58: Negative | E58: Phòng đang bảo trì/ẩn không được hiện | F58: Phiên chat mới, còn phòng, chưa đăng nhập | G58: Có phòng trạng thái MAINTENANCE | H58: Không xuất hiện trong card, không tính vào số lượng còn lại. | I58: check_availability | K58: Chưa test
A59: GU-01 | B59: Thông tin khách | C59: P1 | D59: Edge | E59: Đặt hộ người khác | F59: Phiên chat mới, còn phòng, chưa đăng nhập | G59: “đặt cho bạn mình, tên Nam, 0988…” | H59: Bot hỏi/ghi nhận người ở khác người đặt; liên hệ xác nhận gửi cho ai. | K59: Chưa test
A60: GU-02 | B60: Thông tin khách | C60: P1 | D60: Edge | E60: Khách không muốn cung cấp SĐT/email | F60: Phiên chat mới, còn phòng, chưa đăng nhập | G60: “không cho số điện thoại đâu” | H60: Giải thích lý do cần (xác nhận booking, liên hệ); nếu trường bắt buộc thì không tiếp tục; không ép buộc quá mức. | K60: Chưa test
A61: GU-03 | B61: Thông tin khách | C61: P2 | D61: Edge | E61: Đã đăng nhập nhưng thiếu SĐT | F61: Đã đăng nhập, hồ sơ thiếu SĐT | G61: Hồ sơ không có SĐT | H61: Chỉ hỏi SĐT, các thông tin khác dùng từ hồ sơ. | K61: Chưa test
A62: SV-01 | B62: Dịch vụ đi kèm | C62: P0 | D62: Happy | E62: Chọn nhiều dịch vụ | F62: Phiên chat mới, còn phòng, chưa đăng nhập | G62: “spa và đưa đón sân bay” | H62: Cả 2 được thêm, tổng tiền đúng, xuất hiện trong tóm tắt. | I62: list_services, calculate_price | K62: Chưa test
A63: SV-02 | B63: Dịch vụ đi kèm | C63: P0 | D63: Happy | E63: Từ chối dịch vụ bằng nhiều cách nói | F63: Phiên chat mới, còn phòng, chưa đăng nhập | G63: “không”, “không cần”, “thôi”, “bỏ qua”, “khỏi”, “no” | H63: Mọi cách nói đều hiểu là không dùng dịch vụ, sang bước tiếp theo. | K63: Chưa test
A64: SV-03 | B64: Dịch vụ đi kèm | C64: P1 | D64: Edge | E64: Hỏi chi tiết dịch vụ giữa chừng | F64: Phiên chat mới, còn phòng, chưa đăng nhập | G64: “spa gồm những gì, giá sao?” | H64: Trả lời từ dữ liệu thật, rồi nhắc quay lại bước chọn dịch vụ. | I64: search_faq / list_services | K64: Chưa test
A65: SV-04 | B65: Dịch vụ đi kèm | C65: P1 | D65: Negative | E65: Chọn dịch vụ không tồn tại ở chi nhánh | F65: Phiên chat mới, còn phòng, chưa đăng nhập | G65: “cho mình karaoke” (chi nhánh không có) | H65: Báo không có, hiển thị lại danh sách dịch vụ thực tế; không bịa. | I65: list_services | K65: Chưa test
A66: SV-05 | B66: Dịch vụ đi kèm | C66: P0 | D66: Edge | E66: Dịch vụ tính theo người/đêm/lượt | F66: Phiên chat mới, còn phòng, chưa đăng nhập | G66: Ăn sáng tính theo người × đêm | H66: Tính tiền đúng quy tắc từng dịch vụ (VD 2 người × 2 đêm × giá). | I66: calculate_price | K66: Chưa test
A67: SV-06 | B67: Dịch vụ đi kèm | C67: P1 | D67: Edge | E67: Chọn số lượng dịch vụ | F67: Phiên chat mới, còn phòng, chưa đăng nhập | G67: “2 suất ăn sáng mỗi ngày” | H67: Lưu số lượng, tính đúng; nếu mơ hồ thì hỏi lại. | K67: Chưa test
A68: SV-07 | B68: Dịch vụ đi kèm | C68: P2 | D68: Edge | E68: “Lấy hết” dịch vụ | F68: Phiên chat mới, còn phòng, chưa đăng nhập | G68: “lấy tất cả” | H68: Bot xác nhận lại danh sách và tổng tiền trước khi thêm. | K68: Chưa test
A69: SV-08 | B69: Dịch vụ đi kèm | C69: P2 | D69: Edge | E69: Chi nhánh không có dịch vụ nào | F69: Phiên chat mới, còn phòng, chưa đăng nhập | G69: list_services trả rỗng | H69: Bot bỏ qua bước dịch vụ, không hiện card rỗng. | I69: list_services | K69: Chưa test
A70: PR-01 | B70: Khuyến mãi / mã giảm giá | C70: P0 | D70: Happy | E70: Hiển thị mã hợp lệ | F70: Phiên chat mới, còn phòng, chưa đăng nhập | G70: Tới bước mã giảm giá | H70: Chỉ hiện các mã hợp lệ cho đơn hiện tại (hạn, điều kiện tối thiểu, phạm vi, lượt dùng). | I70: list_valid_promotions | K70: Chưa test
A71: PR-02 | B71: Khuyến mãi / mã giảm giá | C71: P1 | D71: Edge | E71: Không có mã hợp lệ | F71: Phiên chat mới, còn phòng, chưa đăng nhập | G71: list_valid_promotions rỗng | H71: Báo hiện chưa có mã phù hợp, tiếp tục luồng, không bịa mã. | I71: list_valid_promotions | K71: Chưa test
A72: PR-03 | B72: Khuyến mãi / mã giảm giá | C72: P0 | D72: Happy | E72: Nhập mã thủ công đúng | F72: Phiên chat mới, còn phòng, chưa đăng nhập | G72: “áp mã SEN10” | H72: Validate qua tool, áp giảm, hiển thị tổng mới. | I72: list_valid_promotions, calculate_price | K72: Chưa test
A73: PR-04 | B73: Khuyến mãi / mã giảm giá | C73: P0 | D73: Negative | E73: Mã không tồn tại | F73: Phiên chat mới, còn phòng, chưa đăng nhập | G73: “áp mã ABCXYZ” | H73: Báo mã không đúng, mời nhập lại hoặc chọn mã trong danh sách. | K73: Chưa test
A74: PR-05 | B74: Khuyến mãi / mã giảm giá | C74: P0 | D74: Negative | E74: Mã hết hạn | F74: Phiên chat mới, còn phòng, chưa đăng nhập | G74: “áp mã TET2025” | H74: Báo mã đã hết hạn (nêu ngày hết hạn nếu có), gợi ý mã đang còn hiệu lực. | K74: Chưa test
A75: PR-06 | B75: Khuyến mãi / mã giảm giá | C75: P0 | D75: Negative | E75: Đơn chưa đạt giá trị tối thiểu | F75: Phiên chat mới, còn phòng, chưa đăng nhập | G75: Mã yêu cầu đơn ≥ 2.000.000đ, đơn hiện 1.500.000đ | H75: Nêu rõ cần thêm bao nhiêu (500.000đ) hoặc gợi ý thêm đêm/dịch vụ; không áp mã. | K75: Chưa test
A76: PR-07 | B76: Khuyến mãi / mã giảm giá | C76: P1 | D76: Negative | E76: Mã không áp dụng cho chi nhánh/hạng phòng | F76: Phiên chat mới, còn phòng, chưa đăng nhập | G76: Mã chỉ cho Suite, khách chọn Standard | H76: Báo phạm vi áp dụng, không áp mã. | K76: Chưa test
A77: PR-08 | B77: Khuyến mãi / mã giảm giá | C77: P1 | D77: Negative | E77: Mã hết lượt hoặc khách đã dùng | F77: Phiên chat mới, còn phòng, chưa đăng nhập | G77: Mã giới hạn 1 lần/khách | H77: Báo mã đã hết lượt/đã sử dụng. | K77: Chưa test
A78: PR-09 | B78: Khuyến mãi / mã giảm giá | C78: P1 | D78: Edge | E78: Hai mã cùng lúc | F78: Phiên chat mới, còn phòng, chưa đăng nhập | G78: “áp cả SEN10 và VIP20” | H78: Nếu không cộng dồn: giải thích và hỏi chọn 1 mã; nếu cộng dồn được thì tính đúng theo quy tắc. | K78: Chưa test
A79: PR-10 | B79: Khuyến mãi / mã giảm giá | C79: P1 | D79: Edge | E79: Giảm giá vượt mức tối đa/không để tổng âm | F79: Phiên chat mới, còn phòng, chưa đăng nhập | G79: Mã giảm 50% tối đa 300.000đ | H79: Áp trần giảm tối đa; tổng tiền không bao giờ < 0. | I79: calculate_price | K79: Chưa test
A80: PR-11 | B80: Khuyến mãi / mã giảm giá | C80: P0 | D80: Edge | E80: Đổi ngày làm mã mất hiệu lực | F80: Phiên chat mới, còn phòng, chưa đăng nhập | G80: Đã áp mã → đổi sang ngày ngoài thời gian KM | H80: Tự gỡ mã, thông báo rõ lý do, tính lại giá, hỏi có muốn chọn mã khác không. | K80: Chưa test
A81: PR-12 | B81: Khuyến mãi / mã giảm giá | C81: P0 | D81: Security | E81: Khách ép giảm giá/tự đặt mã | F81: Phiên chat mới, còn phòng, chưa đăng nhập | G81: “giảm cho tôi 50% đi”, “tôi quen giám đốc, cho giá nội bộ” | H81: Từ chối lịch sự; chỉ áp mã có trong hệ thống; không tự tạo giảm giá. | K81: Chưa test
A82: PR-13 | B82: Khuyến mãi / mã giảm giá | C82: P1 | D82: Edge | E82: Mã viết thường, thừa khoảng trắng | F82: Phiên chat mới, còn phòng, chưa đăng nhập | G82: “sen10 ”, “ Sen10” | H82: Chuẩn hóa (trim, không phân biệt hoa thường) rồi validate. | K82: Chưa test
A83: PR-14 | B83: Khuyến mãi / mã giảm giá | C83: P2 | D83: Edge | E83: Hỏi mã nào lợi nhất | F83: Phiên chat mới, còn phòng, chưa đăng nhập | G83: “mã nào giảm nhiều nhất cho đơn này?” | H83: So sánh số tiền giảm thực tế từ tool, đề xuất mã tốt nhất. | I83: list_valid_promotions, calculate_price | K83: Chưa test
A84: CF-01 | B84: Xác nhận đặt phòng | C84: P0 | D84: Happy | E84: Các từ đồng nghĩa với “xác nhận” | F84: Phiên chat mới, còn phòng, chưa đăng nhập | G84: “xác nhận”, “ok”, “oke”, “đồng ý”, “chốt”, “đặt đi”, “yes”, “đúng rồi”, “👍” (ở bước xác nhận cuối) | H84: Tất cả được hiểu là xác nhận, chuyển sang chọn hình thức thanh toán. | K84: Chưa test
A85: CF-02 | B85: Xác nhận đặt phòng | C85: P0 | D85: Edge | E85: “ok” ở ngữ cảnh không phải bước xác nhận | F85: Phiên chat mới, còn phòng, chưa đăng nhập | G85: Bot đang hỏi “Bạn có muốn dùng dịch vụ không?” → khách: “ok” | H85: KHÔNG hiểu thành xác nhận đặt phòng; hỏi lại làm rõ (dùng dịch vụ nào / không). | K85: Chưa test
A86: CF-03 | B86: Xác nhận đặt phòng | C86: P0 | D86: Negative | E86: Từ mơ hồ không phải xác nhận | F86: Phiên chat mới, còn phòng, chưa đăng nhập | G86: “để mình xem”, “cũng được”, “hmm”, “chắc vậy” | H86: Không chuyển bước; hỏi lại ngắn gọn, kèm nút Xác nhận/Chỉnh sửa. | K86: Chưa test
A87: CF-04 | B87: Xác nhận đặt phòng | C87: P0 | D87: Negative | E87: “Xác nhận” khi chưa đủ thông tin | F87: Phiên chat mới, còn phòng, chưa đăng nhập | G87: Chưa có SĐT mà gõ “xác nhận” | H87: Bot nêu rõ còn thiếu gì và hỏi bổ sung, không chuyển thanh toán. | K87: Chưa test
A88: CF-05 | B88: Xác nhận đặt phòng | C88: P0 | D88: Edge | E88: Xác nhận kèm yêu cầu sửa | F88: Phiên chat mới, còn phòng, chưa đăng nhập | G88: “ok nhưng đổi thành 3 người” | H88: Xử lý sửa trước, hiển thị tóm tắt mới, hỏi xác nhận lại; không chuyển bước. | K88: Chưa test
A89: CF-06 | B89: Xác nhận đặt phòng | C89: P0 | D89: Negative | E89: Từ phủ định | F89: Phiên chat mới, còn phòng, chưa đăng nhập | G89: “không xác nhận”, “chưa”, “đừng”, “khoan” | H89: Không chuyển bước, hỏi khách muốn sửa gì. | K89: Chưa test
A90: CF-07 | B90: Xác nhận đặt phòng | C90: P0 | D90: Edge | E90: Xác nhận hai lần liên tiếp (double-click) | F90: Phiên chat mới, còn phòng, chưa đăng nhập | G90: Bấm “Xác nhận” 2 lần trong 1 giây | H90: Idempotent: chỉ tạo 1 booking, 1 QR. | I90: create_booking | K90: Chưa test
A91: PM-01 | B91: Thanh toán (QR PayOS) | C91: P0 | D91: Happy | E91: QR chuyển khoản đúng thông tin | F91: Phiên chat mới, còn phòng, chưa đăng nhập | G91: Chọn chuyển khoản | H91: Card QR hiển thị: QR, đúng số tiền, nội dung = mã booking/orderCode, đồng hồ đếm ngược hold; booking PENDING_PAYMENT. | I91: create_booking, create_payment_qr | K91: Chưa test
A92: PM-02 | B92: Thanh toán (QR PayOS) | C92: P0 | D92: Happy | E92: Thanh toán thành công qua webhook | F92: Phiên chat mới, còn phòng, chưa đăng nhập | G92: Khách quét QR và chuyển đúng số tiền | H92: Hệ thống nhận webhook PayOS; bot tự thông báo thành công, hiển thị mã booking + tóm tắt mà khách không cần báo. | I92: get_payment_status | K92: Chưa test
A93: PM-03 | B93: Thanh toán (QR PayOS) | C93: P0 | D93: Security | E93: Khách nói “đã chuyển rồi” nhưng chưa có giao dịch | F93: Phiên chat mới, còn phòng, chưa đăng nhập | G93: “mình chuyển rồi mà” | H93: Bot gọi get_payment_status; nếu chưa nhận được thì nói thật “chưa ghi nhận”, hướng dẫn chờ/kiểm tra; không tự xác nhận theo lời khách. | I93: get_payment_status | K93: Chưa test
A94: PM-04 | B94: Thanh toán (QR PayOS) | C94: P0 | D94: Negative | E94: QR hết hạn | F94: Phiên chat mới, còn phòng, chưa đăng nhập | G94: Quá thời gian hold | H94: Báo QR hết hạn, giải phóng phòng, hỏi tạo QR mới hay hủy; nếu còn phòng thì tạo QR mới với orderCode mới. | I94: create_payment_qr | K94: Chưa test
A95: PM-05 | B95: Thanh toán (QR PayOS) | C95: P0 | D95: Negative | E95: Chuyển thiếu tiền | F95: Phiên chat mới, còn phòng, chưa đăng nhập | G95: Chuyển 1.000.000đ thay vì 1.500.000đ | H95: Báo số tiền chưa đủ, nêu số còn thiếu và cách xử lý (tạo QR bù/liên hệ lễ tân); không xác nhận booking. | I95: get_payment_status | K95: Chưa test
A96: PM-06 | B96: Thanh toán (QR PayOS) | C96: P1 | D96: Negative | E96: Chuyển dư tiền | F96: Phiên chat mới, còn phòng, chưa đăng nhập | G96: Chuyển 2.000.000đ cho đơn 1.500.000đ | H96: Xác nhận booking nếu đủ, báo có khoản dư và chuyển nhân viên xử lý hoàn tiền theo chính sách. | K96: Chưa test
A97: PM-07 | B97: Thanh toán (QR PayOS) | C97: P1 | D97: Negative | E97: Sai nội dung chuyển khoản | F97: Phiên chat mới, còn phòng, chưa đăng nhập | G97: Giao dịch không khớp orderCode | H97: Không tự khớp bừa; hướng dẫn gửi mã booking/ảnh giao dịch hoặc liên hệ nhân viên. | K97: Chưa test
A98: PM-08 | B98: Thanh toán (QR PayOS) | C98: P0 | D98: Negative | E98: Thanh toán thất bại/PayOS lỗi | F98: Phiên chat mới, còn phòng, chưa đăng nhập | G98: PayOS trả lỗi | H98: Xin lỗi, báo lỗi dễ hiểu, cho thử lại hoặc chọn phương thức khác; booking không bị kẹt PENDING. | K98: Chưa test
A99: PM-09 | B99: Thanh toán (QR PayOS) | C99: P0 | D99: Edge | E99: Khách tải lại trang trong thời gian hold | F99: Phiên chat mới, còn phòng, chưa đăng nhập | G99: Đang hiện QR → F5 | H99: Khôi phục QR và đồng hồ đếm ngược đúng thời gian còn lại; không tạo booking mới. | I99: get_payment_status | K99: Chưa test
A100: PM-10 | B100: Thanh toán (QR PayOS) | C100: P1 | D100: Negative | E100: Quay lại sau khi hold đã hết | F100: Phiên chat mới, còn phòng, chưa đăng nhập | G100: Quay lại sau 30 phút | H100: Báo đã hết hạn giữ phòng, kiểm tra phòng, đề xuất đặt lại kèm giữ nguyên thông tin cũ. | K100: Chưa test
A101: PM-11 | B101: Thanh toán (QR PayOS) | C101: P1 | D101: Negative | E101: Phương thức không hỗ trợ | F101: Phiên chat mới, còn phòng, chưa đăng nhập | G101: “trả bằng Momo/thẻ/tiền mặt/trả góp được không?” | H101: Chỉ nêu đúng các phương thức hệ thống hỗ trợ; không hứa hẹn thứ không có. | K101: Chưa test
A102: PM-12 | B102: Thanh toán (QR PayOS) | C102: P1 | D102: Edge | E102: Hỏi hóa đơn VAT | F102: Phiên chat mới, còn phòng, chưa đăng nhập | G102: “xuất hóa đơn công ty được không?” | H102: Trả lời theo chính sách; nếu chưa hỗ trợ trên chat thì thu thập thông tin cơ bản và chuyển nhân viên. | K102: Chưa test
A103: PM-13 | B103: Thanh toán (QR PayOS) | C103: P0 | D103: Edge | E103: Webhook đến 2 lần hoặc đến trễ | F103: Phiên chat mới, còn phòng, chưa đăng nhập | G103: PayOS gửi webhook trùng | H103: Xử lý idempotent: booking chỉ xác nhận 1 lần, không gửi 2 thông báo. | K103: Chưa test
A104: PM-14 | B104: Thanh toán (QR PayOS) | C104: P0 | D104: Edge | E104: Tiền về sau khi hold đã hết (race) | F104: Phiên chat mới, còn phòng, chưa đăng nhập | G104: Khách chuyển ở giây cuối, hold vừa hết | H104: Nếu còn phòng: xác nhận booking; nếu phòng đã bị người khác giữ: báo rõ, hoàn tiền/chuyển nhân viên; không mất tiền khách. | K104: Chưa test
A105: PM-15 | B105: Thanh toán (QR PayOS) | C105: P1 | D105: Edge | E105: Hỏi hoàn tiền sau khi đã thanh toán | F105: Phiên chat mới, còn phòng, chưa đăng nhập | G105: “hủy và hoàn tiền cho mình” | H105: Giải thích chính sách hoàn tiền, xác nhận trước khi hủy, thực hiện qua cancel_booking. | I105: cancel_booking | K105: Chưa test
...

Sheet Tổng hợp
A1: Nhóm | B1: Tên nhóm | C1: Tổng | D1: Pass | E1: Fail | F1: Blocked | G1: Chưa test | H1: % Pass
A2: HP | B2: Luồng đặt phòng chuẩn | C2: =COUNTIF('Test Cases'!$A:$A,A2&"-*") -> 8 | D2: =COUNTIFS('Test Cases'!$A:$A,$A2&"-*",'Test Cases'!$K:$K,"Pass") -> 0 | E2: =COUNTIFS('Test Cases'!$A:$A,$A2&"-*",'Test Cases'!$K:$K,"Fail") -> 0 | F2: =COUNTIFS('Test Cases'!$A:$A,$A2&"-*",'Test Cases'!$K:$K,"Blocked") -> 0 | G2: =COUNTIFS('Test Cases'!$A:$A,$A2&"-*",'Test Cases'!$K:$K,"Chưa test") -> 8 | H2: =IF(C2=0,0,D2/C2) -> 0
A3: SF | B3: Slot filling / khai báo gộp | C3: =COUNTIF('Test Cases'!$A:$A,A3&"-*") -> 13 | D3: =COUNTIFS('Test Cases'!$A:$A,$A3&"-*",'Test Cases'!$K:$K,"Pass") -> 0 | E3: =COUNTIFS('Test Cases'!$A:$A,$A3&"-*",'Test Cases'!$K:$K,"Fail") -> 0 | F3: =COUNTIFS('Test Cases'!$A:$A,$A3&"-*",'Test Cases'!$K:$K,"Blocked") -> 0 | G3: =COUNTIFS('Test Cases'!$A:$A,$A3&"-*",'Test Cases'!$K:$K,"Chưa test") -> 13 | H3: =IF(C3=0,0,D3/C3) -> 0
A4: CH | B4: Đổi ý / sửa thông tin | C4: =COUNTIF('Test Cases'!$A:$A,A4&"-*") -> 13 | D4: =COUNTIFS('Test Cases'!$A:$A,$A4&"-*",'Test Cases'!$K:$K,"Pass") -> 0 | E4: =COUNTIFS('Test Cases'!$A:$A,$A4&"-*",'Test Cases'!$K:$K,"Fail") -> 0 | F4: =COUNTIFS('Test Cases'!$A:$A,$A4&"-*",'Test Cases'!$K:$K,"Blocked") -> 0 | G4: =COUNTIFS('Test Cases'!$A:$A,$A4&"-*",'Test Cases'!$K:$K,"Chưa test") -> 13 | H4: =IF(C4=0,0,D4/C4) -> 0
A5: VA | B5: Kiểm tra dữ liệu đầu vào | C5: =COUNTIF('Test Cases'!$A:$A,A5&"-*") -> 16 | D5: =COUNTIFS('Test Cases'!$A:$A,$A5&"-*",'Test Cases'!$K:$K,"Pass") -> 0 | E5: =COUNTIFS('Test Cases'!$A:$A,$A5&"-*",'Test Cases'!$K:$K,"Fail") -> 0 | F5: =COUNTIFS('Test Cases'!$A:$A,$A5&"-*",'Test Cases'!$K:$K,"Blocked") -> 0 | G5: =COUNTIFS('Test Cases'!$A:$A,$A5&"-*",'Test Cases'!$K:$K,"Chưa test") -> 16 | H5: =IF(C5=0,0,D5/C5) -> 0
A6: AV | B6: Phòng trống / hết phòng | C6: =COUNTIF('Test Cases'!$A:$A,A6&"-*") -> 7 | D6: =COUNTIFS('Test Cases'!$A:$A,$A6&"-*",'Test Cases'!$K:$K,"Pass") -> 0 | E6: =COUNTIFS('Test Cases'!$A:$A,$A6&"-*",'Test Cases'!$K:$K,"Fail") -> 0 | F6: =COUNTIFS('Test Cases'!$A:$A,$A6&"-*",'Test Cases'!$K:$K,"Blocked") -> 0 | G6: =COUNTIFS('Test Cases'!$A:$A,$A6&"-*",'Test Cases'!$K:$K,"Chưa test") -> 7 | H6: =IF(C6=0,0,D6/C6) -> 0
A7: GU | B7: Thông tin khách | C7: =COUNTIF('Test Cases'!$A:$A,A7&"-*") -> 3 | D7: =COUNTIFS('Test Cases'!$A:$A,$A7&"-*",'Test Cases'!$K:$K,"Pass") -> 0 | E7: =COUNTIFS('Test Cases'!$A:$A,$A7&"-*",'Test Cases'!$K:$K,"Fail") -> 0 | F7: =COUNTIFS('Test Cases'!$A:$A,$A7&"-*",'Test Cases'!$K:$K,"Blocked") -> 0 | G7: =COUNTIFS('Test Cases'!$A:$A,$A7&"-*",'Test Cases'!$K:$K,"Chưa test") -> 3 | H7: =IF(C7=0,0,D7/C7) -> 0
A8: SV | B8: Dịch vụ đi kèm | C8: =COUNTIF('Test Cases'!$A:$A,A8&"-*") -> 8 | D8: =COUNTIFS('Test Cases'!$A:$A,$A8&"-*",'Test Cases'!$K:$K,"Pass") -> 0 | E8: =COUNTIFS('Test Cases'!$A:$A,$A8&"-*",'Test Cases'!$K:$K,"Fail") -> 0 | F8: =COUNTIFS('Test Cases'!$A:$A,$A8&"-*",'Test Cases'!$K:$K,"Blocked") -> 0 | G8: =COUNTIFS('Test Cases'!$A:$A,$A8&"-*",'Test Cases'!$K:$K,"Chưa test") -> 8 | H8: =IF(C8=0,0,D8/C8) -> 0
A9: PR | B9: Khuyến mãi / mã giảm giá | C9: =COUNTIF('Test Cases'!$A:$A,A9&"-*") -> 14 | D9: =COUNTIFS('Test Cases'!$A:$A,$A9&"-*",'Test Cases'!$K:$K,"Pass") -> 0 | E9: =COUNTIFS('Test Cases'!$A:$A,$A9&"-*",'Test Cases'!$K:$K,"Fail") -> 0 | F9: =COUNTIFS('Test Cases'!$A:$A,$A9&"-*",'Test Cases'!$K:$K,"Blocked") -> 0 | G9: =COUNTIFS('Test Cases'!$A:$A,$A9&"-*",'Test Cases'!$K:$K,"Chưa test") -> 14 | H9: =IF(C9=0,0,D9/C9) -> 0
A10: CF | B10: Xác nhận đặt phòng | C10: =COUNTIF('Test Cases'!$A:$A,A10&"-*") -> 7 | D10: =COUNTIFS('Test Cases'!$A:$A,$A10&"-*",'Test Cases'!$K:$K,"Pass") -> 0 | E10: =COUNTIFS('Test Cases'!$A:$A,$A10&"-*",'Test Cases'!$K:$K,"Fail") -> 0 | F10: =COUNTIFS('Test Cases'!$A:$A,$A10&"-*",'Test Cases'!$K:$K,"Blocked") -> 0 | G10: =COUNTIFS('Test Cases'!$A:$A,$A10&"-*",'Test Cases'!$K:$K,"Chưa test") -> 7 | H10: =IF(C10=0,0,D10/C10) -> 0
A11: PM | B11: Thanh toán (QR PayOS) | C11: =COUNTIF('Test Cases'!$A:$A,A11&"-*") -> 16 | D11: =COUNTIFS('Test Cases'!$A:$A,$A11&"-*",'Test Cases'!$K:$K,"Pass") -> 0 | E11: =COUNTIFS('Test Cases'!$A:$A,$A11&"-*",'Test Cases'!$K:$K,"Fail") -> 0 | F11: =COUNTIFS('Test Cases'!$A:$A,$A11&"-*",'Test Cases'!$K:$K,"Blocked") -> 0 | G11: =COUNTIFS('Test Cases'!$A:$A,$A11&"-*",'Test Cases'!$K:$K,"Chưa test") -> 16 | H11: =IF(C11=0,0,D11/C11) -> 0
A12: IN | B12: Hỏi chen ngang / FAQ (RAG) | C12: =COUNTIF('Test Cases'!$A:$A,A12&"-*") -> 17 | D12: =COUNTIFS('Test Cases'!$A:$A,$A12&"-*",'Test Cases'!$K:$K,"Pass") -> 0 | E12: =COUNTIFS('Test Cases'!$A:$A,$A12&"-*",'Test Cases'!$K:$K,"Fail") -> 0 | F12: =COUNTIFS('Test Cases'!$A:$A,$A12&"-*",'Test Cases'!$K:$K,"Blocked") -> 0 | G12: =COUNTIFS('Test Cases'!$A:$A,$A12&"-*",'Test Cases'!$K:$K,"Chưa test") -> 17 | H12: =IF(C12=0,0,D12/C12) -> 0
A13: LG | B13: Ngôn ngữ & định dạng input | C13: =COUNTIF('Test Cases'!$A:$A,A13&"-*") -> 14 | D13: =COUNTIFS('Test Cases'!$A:$A,$A13&"-*",'Test Cases'!$K:$K,"Pass") -> 0 | E13: =COUNTIFS('Test Cases'!$A:$A,$A13&"-*",'Test Cases'!$K:$K,"Fail") -> 0 | F13: =COUNTIFS('Test Cases'!$A:$A,$A13&"-*",'Test Cases'!$K:$K,"Blocked") -> 0 | G13: =COUNTIFS('Test Cases'!$A:$A,$A13&"-*",'Test Cases'!$K:$K,"Chưa test") -> 14 | H13: =IF(C13=0,0,D13/C13) -> 0
... A19: AD | B19: Luồng Admin (Luồng C) | C19: =COUNTIF('Test Cases'!$A:$A,A19&"-*") -> 11 | D19: =COUNTIFS('Test Cases'!$A:$A,$A19&"-*",'Test Cases'!$K:$K,"Pass") -> 0 | E19: =COUNTIFS('Test Cases'!$A:$A,$A19&"-*",'Test Cases'!$K:$K,"Fail") -> 0 | F19: =COUNTIFS('Test Cases'!$A:$A,$A19&"-*",'Test Cases'!$K:$K,"Blocked") -> 0 | G19: =COUNTIFS('Test Cases'!$A:$A,$A19&"-*",'Test Cases'!$K:$K,"Chưa test") -> 11 | H19: =IF(C19=0,0,D19/C19) -> 0
A20: TỔNG | C20: =SUM(C2:C19) -> 199 | D20: =SUM(D2:D19) -> 0 | E20: =SUM(E2:E19) -> 0 | F20: =SUM(F2:F19) -> 0 | G20: =SUM(G2:G19) -> 199 | H20: =IF(C20=0,0,D20/C20) -> 0
A23: Ưu tiên | C23: Tổng | D23: Pass | E23: Fail | F23: Blocked | G23: Chưa test | H23: % Pass
A24: P0 | C24: =COUNTIF('Test Cases'!$C:$C,A24) -> 89 | D24: =COUNTIFS('Test Cases'!$C:$C,$A24,'Test Cases'!$K:$K,"Pass") -> 0 | E24: =COUNTIFS('Test Cases'!$C:$C,$A24,'Test Cases'!$K:$K,"Fail") -> 0 | F24: =COUNTIFS('Test Cases'!$C:$C,$A24,'Test Cases'!$K:$K,"Blocked") -> 0 | G24: =COUNTIFS('Test Cases'!$C:$C,$A24,'Test Cases'!$K:$K,"Chưa test") -> 89 | H24: =IF(C24=0,0,D24/C24) -> 0
A25: P1 | C25: =COUNTIF('Test Cases'!$C:$C,A25) -> 92 | D25: =COUNTIFS('Test Cases'!$C:$C,$A25,'Test Cases'!$K:$K,"Pass") -> 0 | E25: =COUNTIFS('Test Cases'!$C:$C,$A25,'Test Cases'!$K:$K,"Fail") -> 0 | F25: =COUNTIFS('Test Cases'!$C:$C,$A25,'Test Cases'!$K:$K,"Blocked") -> 0 | G25: =COUNTIFS('Test Cases'!$C:$C,$A25,'Test Cases'!$K:$K,"Chưa test") -> 92 | H25: =IF(C25=0,0,D25/C25) -> 0
A26: P2 | C26: =COUNTIF('Test Cases'!$C:$C,A26) -> 18 | D26: =COUNTIFS('Test Cases'!$C:$C,$A26,'Test Cases'!$K:$K,"Pass") -> 0 | E26: =COUNTIFS('Test Cases'!$C:$C,$A26,'Test Cases'!$K:$K,"Fail") -> 0 | F26: =COUNTIFS('Test Cases'!$C:$C,$A26,'Test Cases'!$K:$K,"Blocked") -> 0 | G26: =COUNTIFS('Test Cases'!$C:$C,$A26,'Test Cases'!$K:$K,"Chưa test") -> 18 | H26: =IF(C26=0,0,D26/C26) -> 0
